{
  "head_lr": 0.000593278028274493,
  "ft_lr": 9.82767461145734e-05,
  "dropout_rate": 0.5532994761025194,
  "dense_units": 64,
  "l2_strength": 0.0010218926111101383,
  "batch_size": 32,
  "unfreeze_ratio": 0.25630223735175944,
  "epochs_phase1": 15,
  "epochs_phase2": 10,
  "target_sensitivity": 0.9
}